eda42591-a9f5-420a-b83a-8b8b35172ea0;aaaaaaa;1;
d58ccd36-12b9-4d69-b018-c4c8471bd648;se;1;
04d8e41c-90ae-4750-abb2-33b19e32709b;ifisafoijs;2;
ff295fa2-2c8e-45ab-8da1-b872d3d289ab;aaa;1;
9ee8650e-b539-43b8-afd7-0c6a9d0d5138;moi?;None;
72372e62-5cdd-4d68-8441-f8a502119a54;first;1;
4399aed1-5fe4-4c58-be1c-80748f5689ea;second;2;
dd847681-e076-4e57-bc33-e16c0b461111;AAAAAAAAAAAAAAAAAAAAAAAAAAAAAAAAAAAAAAAAAAA;None;
1a48a918-6111-446a-ade0-2ce4bdfc19ae;want;1;
2d39c053-48e9-4955-9db5-d9770d43a530;aa;1;
1b729a8c-b118-439d-9f02-bee032aee12d;want;1;
66cfc716-9ee6-4138-b86b-1d202e4a1cc5;reading;2;
b46d23d7-5a8b-41b3-99df-75814d919c12;read;3;
6feb9a90-803a-480f-9d83-72238e5a303e;wnat;1;ooo
c27ffd71-76eb-4bb8-b956-61803225d433;reading;2;ooo
d8eacf5e-1b46-462f-a6cf-408a1c19f54b;read;3;ooo
e9257ee5-9f84-44e0-a0bc-f206b5b9e2b3;jjj;1;ooo
f774526d-5441-4f9c-b28e-318d757beba4;ooo;2;ooo
aecf3ebd-e7bf-4c42-a5c7-9a1583b9bdd9;joo;3;ooo
50e149c8-b016-4195-af32-c880edc6d78a;jojo;1;ooo
a1432275-c5e8-4aeb-9914-a9c7263254a0;ijoij;2;ooo
fa680380-a411-4134-92d9-cd135dab7666;oioih;3;ooo
593038b8-875f-4cca-9cd6-df2f320495d9;want;1;ooo
6849854f-e384-4f99-8ebb-4fa3559da73f;hee;2;ooo
6dc2b1df-6d3d-4a92-95eb-43a95a16a719;asas;1;ooo
ac9d027f-32b0-435c-ad08-713a7fd03422;jee;3;ooo
db5d8133-1dc0-4fcd-8364-114075c96a5e;jee;3;ooo
a1a431d4-876a-439a-8f27-16c34d9284d9;jjjjj;2;ooo
d098d403-e6f3-46c2-8858-42329a46907e;hmm;1;jee
3165821d-b83f-4f7b-8fca-66b70e175dc6;jee;2;jee
0ffd6188-6110-4031-8321-9da2d981ae02;juu;3;jee
